{
  "project_info": {
    "project_number": "754790825542",
    "firebase_url": "https://orderfast-b0d72.firebaseio.com",
    "project_id": "orderfast-b0d72",
    "storage_bucket": "orderfast-b0d72.appspot.com"
  },
  "client": [
    {
      "client_info": {
        "mobilesdk_app_id": "1:754790825542:android:8a6a47e5d9c05580",
        "android_client_info": {
          "package_name": "com.example.x16459866.myapplication"
        }
      },
      "oauth_client": [
        {
          "client_id": "754790825542-89f5nvohlpf6utrhsner7mubq9shajp3.apps.googleusercontent.com",
          "client_type": 1,
          "android_info": {
            "package_name": "com.example.x16459866.myapplication",
            "certificate_hash": "bdef54d9e0309ca0c217c29c6ca7970badedcce2"
          }
        },
        {
          "client_id": "754790825542-tmr9ualfn5eo13tuudec6c67odruke4l.apps.googleusercontent.com",
          "client_type": 3
        }
      ],
      "api_key": [
        {
          "current_key": "AIzaSyCZKr7roueKEYmEUj4Q4ZSuE88zVyEZWu8"
        }
      ],
      "services": {
        "analytics_service": {
          "status": 1
        },
        "appinvite_service": {
          "status": 2,
          "other_platform_oauth_client": [
            {
              "client_id": "754790825542-tmr9ualfn5eo13tuudec6c67odruke4l.apps.googleusercontent.com",
              "client_type": 3
            }
          ]
        },
        "ads_service": {
          "status": 2
        }
      }
    }
  ],
  "configuration_version": "1"
}